CODIGO,CAT,NOMBRE,MUNICIPIO,DEPARTAMENTO,ELEV,LON,LAT,ENE,FEB,MAR,ABR,MAY,JUN,JUL,AGO,SEP,OCT,NOV,DIC,ANUAL
48015010,SP,A.Vasquez Cobo,Leticia,Amazonas,84,-69.94,-4.19,4.26,4.10,4.22,4.73,4.73,4.91,6.05,6.38,5.86,5.51,5.16,4.54,5.04
23085030,CO,Alejandria,Alejandria,Antioquia,1660,-75.14,6.38,4.70,4.48,3.76,3.82,4.65,4.76,6.05,6.47,5.25,4.42,4.23,4.28,4.74
26195020,CO,Ita Andes,Andes,Antioquia,1180,-75.88,5.69,5.29,5.42,4.35,3.87,4.05,4.59,5.52,5.07,4.19,3.96,4.36,4.67,4.61
27025030,CO,Anori,Anori,Antioquia,1610,-75.15,7.07,4.52,3.90,3.17,2.93,3.74,5.08,5.92,5.39,4.02,3.34,3.47,3.74,4.10
12015020,AM,Uniban,Apartado,Antioquia,23,-76.65,7.83,5.24,4.95,4.02,3.64,3.92,3.19,4.18,4.33,3.97,4.39,4.55,4.49,4.24
12045010,CP,Arboletes,Arboletes,Antioquia,4,-76.42,8.85,7.10,6.90,6.09,5.05,4.65,5.10,5.17,5.22,4.75,4.84,5.91,6.30,5.59
27015090,CO,Tulio Ospina,Bello,Antioquia,1438,-75.55,6.32,6.00,5.33,5.15,4.37,4.82,5.84,6.70,6.18,5.26,4.28,4.65,5.30,5.32
26225040,CO,Piunti Hda,Buritica,Antioquia,1650,-75.91,6.73,4.23,4.07,3.65,2.88,2.98,2.84,3.94,4.19,3.41,2.77,2.86,3.15,3.41
27015260,AM,Salada La,Caldas,Antioquia,1680,-75.62,6.05,4.52,4.63,3.90,2.99,3.37,4.02,5.21,4.97,4.00,3.54,3.58,3.76,4.04
11115020,CO,Canasgordas,Canasgordas,Antioquia,1200,-76.03,6.76,5.41,5.23,4.67,3.64,3.67,4.32,4.84,4.49,3.96,3.64,4.06,4.47,4.37
12015070,SP,Apto Los Cedros,Carepa,Antioquia,19,-76.72,7.82,5.75,5.42,4.59,4.21,3.88,3.79,4.24,4.40,4.35,4.73,4.75,4.71,4.57
12015060,CO,Tulenapa,Carepa,Antioquia,30,-76.66,7.77,5.89,5.40,4.41,4.01,4.21,4.21,4.77,4.75,4.53,4.94,5.00,5.23,4.78
26255040,CP,Cacaoteras del Diq,Caucasia,Antioquia,55,-75.12,7.98,6.70,5.99,5.62,5.10,5.00,5.64,6.50,6.23,5.44,5.23,5.51,5.75,5.73
27045020,CO,Caseri,Caucasia,Antioquia,400,-74.93,7.81,6.09,5.50,3.99,3.79,4.65,4.99,5.98,5.84,4.74,4.74,4.73,5.10,5.01
12015090,CO,Palmera La,Chigorodo,Antioquia,58,-76.61,7.54,3.43,3.80,2.09,2.69,2.45,2.52,2.56,3.10,2.74,3.39,2.97,2.78,2.88
11025010,CO,Mansa La,Ciudad Bolivar,Antioquia,2100,-76.08,5.88,4.84,5.06,4.78,4.23,4.71,4.88,6.19,6.18,5.01,4.20,4.17,4.36,4.88
26215010,CO,Concordia,Concordia,Antioquia,1904,-75.92,6.04,5.07,5.22,4.54,3.73,4.10,5.39,6.15,5.51,4.79,3.67,3.57,4.10,4.65
26175040,CO,Tunez Hda,Fredonia,Antioquia,530,-75.65,5.80,6.53,6.45,5.70,5.04,5.16,5.90,6.59,6.44,5.62,5.03,5.49,5.87,5.82
11115040,CO,Musinga,Frontino,Antioquia,1330,-76.19,6.79,5.11,5.23,4.15,3.30,3.33,4.00,4.47,4.30,3.63,3.66,4.06,4.69,4.16
26195030,CO,Jardin El,Jardin,Antioquia,2005,-75.80,5.59,4.14,4.57,2.98,2.66,2.96,3.60,4.06,4.40,3.65,3.51,2.57,3.22,3.53
26195010,CO,Miguel Valencia,Jardin,Antioquia,1570,-75.85,5.53,4.78,4.97,4.81,4.20,4.40,5.65,5.96,5.45,4.50,3.80,4.34,4.96,4.82
26185020,CO,Mesopotamia,La Union,Antioquia,2314,-75.32,5.89,5.54,5.08,4.40,3.94,4.68,5.75,6.95,6.68,5.48,3.98,4.07,4.85,5.12
27015070,SP,A.Olaya Herrera,Medellin,Antioquia,1490,-75.59,6.22,5.53,5.37,4.76,4.13,4.55,5.53,6.40,6.03,4.93,4.30,4.50,4.94,5.08
12015010,CO,Villarteaga,Mutata,Antioquia,132,-76.48,7.35,3.93,3.73,3.07,2.70,2.72,2.50,2.69,2.55,2.56,2.98,2.94,3.07,2.95
12025030,CO,Mellito El,Necocli,Antioquia,10,-76.67,8.54,5.98,5.63,4.84,4.06,3.82,3.72,4.39,4.36,4.33,4.64,5.08,5.27,4.68
23095010,CP,Apto Pto Berrio,Puerto Berrio,Antioquia,150,-74.41,6.47,6.98,6.21,4.67,5.33,5.97,6.61,7.29,7.19,6.17,5.71,6.06,6.47,6.22
23175020,SS,Apto Otu,Remedios,Antioquia,718,-74.72,7.01,5.65,5.11,3.89,3.77,4.38,5.17,6.34,5.81,4.81,4.27,4.55,5.16,4.91
23085200,SP,A.J M Cordova,Rionegro,Antioquia,2073,-75.43,6.17,5.28,5.10,4.44,4.23,4.97,6.00,6.99,7.00,5.79,4.65,4.39,4.52,5.28
23085040,AM,Selva La,Rionegro,Antioquia,2090,-75.41,6.13,5.08,4.90,4.25,3.78,4.47,5.56,6.61,6.33,5.11,3.88,3.98,4.58,4.88
23085220,CP,San Carlos,San Carlos,Antioquia,1113,-75.04,6.16,4.31,4.16,3.54,3.51,4.52,5.29,6.37,6.19,5.04,4.06,3.57,3.88,4.54
23085210,CP,Violetas Las,San Rafael,Antioquia,1016,-75.00,6.35,4.89,5.01,4.35,4.51,4.90,5.55,6.40,6.20,5.62,4.75,4.39,4.16,5.06
23085080,CP,Nus Gja Exp El,San Roque,Antioquia,835,-74.84,6.49,5.87,5.57,4.19,4.59,5.29,6.18,6.88,6.70,5.82,5.22,4.87,5.25,5.54
23085160,CO,Corrientes,San Vicente,Antioquia,1950,-75.25,6.31,5.73,5.76,4.71,4.26,5.33,5.58,6.85,6.58,5.90,4.46,4.39,5.49,5.42
27015110,CO,Aragon,Santa Rosa de Osos,Antioquia,2600,-75.83,6.53,5.11,4.92,4.01,3.37,3.81,5.14,6.00,5.68,4.36,3.60,3.75,4.41,4.51
26225030,AM,Cotove Hda,Santafe de Antioquia,Antioquia,530,-75.83,6.53,7.11,6.90,5.93,5.39,5.45,6.19,6.91,6.59,5.65,5.39,5.83,6.23,6.13
27015190,CO,Guayabito,Santo Domingo,Antioquia,1700,-75.15,6.54,5.42,5.00,3.99,4.00,4.52,5.60,6.36,6.22,4.80,3.98,4.23,4.69,4.90
23075010,CP,Rio Claro,Sonson,Antioquia,449,-74.85,5.86,4.80,4.29,3.29,4.13,4.78,5.42,6.43,5.82,4.87,4.42,4.53,4.50,4.77
26175030,CP,Nacional Gja La,Tamesis,Antioquia,1151,-75.69,5.72,6.34,6.20,5.32,4.49,4.29,5.23,6.28,6.11,5.07,4.27,4.67,5.40,5.31
26235030,CO,Matanzas,Toledo,Antioquia,500,-75.67,7.04,5.03,5.29,3.68,3.59,3.36,3.66,4.00,3.68,3.63,4.02,4.24,4.61,4.07
11075010,CO,Honda La,Urrao,Antioquia,1850,-76.16,6.36,5.25,4.98,3.99,3.56,3.76,3.88,4.48,4.72,3.84,3.82,3.97,4.47,4.23
11075020,CO,Urrao,Urrao,Antioquia,1850,-76.14,6.32,5.81,5.55,5.05,4.17,4.41,5.28,5.74,5.54,4.41,4.11,4.40,4.97,4.95
26255020,CP,Sta Isabel,Valdivia,Antioquia,1200,-75.44,7.16,3.96,3.58,2.98,2.77,3.33,3.81,4.67,4.47,3.77,3.43,4.05,3.90,3.73
23105030,CO,Vegachi,Vegachi,Antioquia,995,-74.80,6.77,5.81,5.20,3.94,4.19,4.60,5.59,6.30,6.30,5.31,4.81,4.83,5.16,5.17
26205020,CP,Rosario El,Venecia,Antioquia,1600,-75.72,5.93,5.68,5.69,5.45,4.65,4.75,6.19,7.05,6.37,5.20,3.97,4.40,5.69,5.42
37055010,SP,Apto Arauca,Arauca,Arauca,128,-70.74,7.07,8.75,8.10,6.48,5.35,4.92,4.59,4.71,5.28,5.90,6.46,7.01,8.03,6.30
37045010,CO,Saravena,Saravena,Arauca,148,-71.89,6.95,5.15,4.19,2.91,2.75,3.24,3.21,3.80,4.15,4.77,5.03,4.97,4.95,4.09
29045120,CP,Flores Las,Barranquilla,Atlantico,2,-74.82,11.04,7.91,7.76,7.10,6.53,5.72,6.32,6.80,6.78,5.90,5.51,6.28,7.00,6.63
29035080,CP,Normal Manati,Manati,Atlantico,10,-74.95,10.45,7.91,7.43,6.36,5.61,5.12,5.51,6.26,6.10,4.97,4.82,5.29,6.73,6.01
29035070,CP,Repelon,Repelon,Atlantico,10,-75.12,10.50,8.34,8.02,7.07,5.95,5.21,5.84,6.43,6.13,5.11,4.83,5.62,7.07,6.30
29045020,SP,A.E Cortissoz,Soledad,Atlantico,14,-74.78,10.88,9.15,8.78,7.87,6.98,6.10,6.67,7.01,6.72,5.69,5.45,6.19,7.95,7.05
21205790,SP,Apto El Dorado,Bogota DC,Bogota DC,2547,-74.15,4.71,5.94,5.31,4.41,3.50,3.46,3.90,4.29,4.39,4.08,3.81,4.24,5.08,4.37
21205520,CP,Eldorado Didactica,Bogota DC,Bogota DC,2546,-74.15,4.70,5.84,5.09,4.41,3.40,3.35,3.64,4.13,4.20,3.99,3.74,4.07,5.15,4.25
21206050,CP,Esc Col Ingenieria,Bogota DC,Bogota DC,2650,-74.05,4.79,5.67,4.80,3.90,3.00,3.11,3.28,3.66,3.50,3.29,3.39,3.86,4.91,3.87
35025070,CO,Taques Los,Bogota DC,Bogota DC,3150,-74.19,4.20,5.73,4.87,3.61,2.68,2.49,2.43,2.69,2.96,3.46,3.61,3.87,4.88,3.61
21206220,CP,Univ Nacional,Bogota DC,Bogota DC,2556,-74.09,4.64,5.95,5.09,4.01,3.35,3.17,4.13,4.42,4.65,4.09,3.84,4.00,5.20,4.32
21205580,CO,Venado Oro Vivero,Bogota DC,Bogota DC,2725,-74.06,4.60,3.96,3.57,2.86,2.48,2.69,3.08,3.32,3.48,3.12,2.58,2.51,3.33,3.08
29035170,CP,Sincerin,Arjona,Bolivar,10,-75.28,10.14,8.29,7.90,6.53,5.59,5.08,5.58,6.08,6.10,4.71,4.59,5.48,7.19,6.09
14015020,SP,Apto Rafael Nunez,Cartagena,Bolivar,2,-75.52,10.45,8.85,8.51,7.70,6.96,6.18,6.27,6.72,6.44,5.74,5.50,6.23,7.78,6.91
14015030,CP,Esc Naval Cioh,Cartagena,Bolivar,1,-75.54,10.39,9.17,8.65,7.59,6.96,6.26,6.82,6.76,6.75,5.82,5.73,6.51,7.98,7.08
29015020,AM,Carmen de Bolivar,El Carmen de Bolivar,Bolivar,152,-75.11,9.72,7.58,7.20,5.96,5.21,4.82,5.44,6.51,5.78,4.63,4.60,5.39,6.22,5.78
25025100,CP,Apto Baracoa,Magangue,Bolivar,18,-74.85,9.28,8.27,7.74,6.50,5.63,5.09,6.08,6.77,6.46,5.52,4.90,5.73,7.22,6.33
29035040,CP,Nueva Florida,Maria La Baja,Bolivar,13,-75.35,9.94,8.01,7.25,6.05,5.34,4.47,4.73,5.41,5.06,4.19,4.21,4.87,6.81,5.53
29035030,CO,Presa Ay Grande,Maria La Baja,Bolivar,60,-75.33,9.88,7.32,6.64,5.68,5.10,4.47,4.68,5.32,5.08,4.27,4.29,4.98,6.33,5.35
29035110,CO,San Pablo,Maria La Baja,Bolivar,20,-75.26,10.04,8.35,7.75,6.47,5.77,4.93,5.50,6.14,5.76,4.73,4.67,5.35,7.18,6.05
14015010,CP,Galerazamba,Santa Catalina,Bolivar,20,-75.26,10.79,7.56,6.90,6.06,5.96,5.85,5.88,6.23,6.43,5.72,5.42,6.18,6.89,6.26
23205050,CO,Canelos,Santa Rosa del Sur,Bolivar,750,-74.24,7.89,5.95,5.19,3.69,2.85,3.55,3.90,5.29,5.12,3.93,3.60,3.91,5.03,4.33
23205030,CO,Sta Rosa D Simiti,Santa Rosa del Sur,Bolivar,650,-74.06,7.97,8.00,6.93,5.30,4.12,4.40,5.30,6.49,6.11,4.86,4.20,4.89,6.68,5.61
25025020,CP,Monterrey Forestal,Zambrano,Bolivar,25,-74.84,9.74,8.63,8.18,7.05,6.30,5.46,6.47,6.81,6.87,5.77,5.58,6.22,7.34,6.72
24035330,AM,Boavita,Boavita,Boyaca,2150,-72.58,6.33,7.77,7.03,6.02,4.75,4.32,4.74,5.18,5.10,4.89,4.99,5.66,6.82,5.61
23125100,CP,Buenavista,Buenavista,Boyaca,2200,-73.94,5.51,3.02,2.59,2.00,1.36,1.70,2.19,2.59,2.33,2.24,2.49,2.31,2.46,2.27
24035310,CO,Chiscas,Chiscas,Boyaca,2350,-72.50,6.55,7.89,7.07,5.97,4.88,4.56,4.28,5.04,5.01,4.75,4.94,5.61,7.06,5.59
24035250,CO,Chita,Chita,Boyaca,2888,-72.47,6.19,7.89,7.12,5.79,4.17,3.66,3.53,3.44,3.66,4.21,4.38,5.10,7.03,5.00
35095030,CO,Tunel El,Cuitiva,Boyaca,3000,-72.94,5.57,7.78,6.50,5.42,4.42,4.50,4.29,4.55,4.18,4.35,4.74,5.19,6.88,5.23
24025030,CP,Sierra La,Duitama,Boyaca,2700,-73.16,5.97,4.85,4.41,3.42,2.53,2.73,3.35,3.75,3.90,3.60,2.90,3.08,3.95,3.54
24035120,AM,Surbata Bonza,Duitama,Boyaca,2485,-73.07,5.80,6.77,5.84,5.09,4.30,4.23,4.46,4.88,4.68,4.29,4.21,5.19,6.31,5.02
24035240,CO,Sierra Nevad Cocuy,Guican,Boyaca,3716,-72.37,6.41,7.08,6.46,5.28,3.58,3.11,3.89,4.70,4.46,3.71,3.43,4.28,5.98,4.66
35075040,CP,Inst Agr Macanal,Macanal,Boyaca,1300,-73.32,4.94,5.93,5.11,3.85,3.16,3.11,2.73,2.76,2.97,3.99,4.55,4.83,5.64,4.05
24015020,CO,Bertha,Moniquira,Boyaca,1700,-73.60,5.88,5.68,5.76,4.93,4.20,3.87,4.66,4.88,4.81,4.72,4.73,5.08,5.35,4.89
24035150,CP,Belencito,Nobsa,Boyaca,2530,-72.89,5.78,6.68,5.81,4.77,3.71,3.90,4.26,4.73,4.45,3.99,3.76,4.64,5.93,4.72
35075010,AM,Nuevo Colon,Nuevo Colon,Boyaca,2438,-73.46,5.35,6.32,5.57,4.88,3.73,3.38,2.85,2.93,3.17,4.21,4.43,5.01,5.95,4.37
24035170,AM,Tunguavita,Paipa,Boyaca,2470,-73.12,5.75,6.66,5.97,4.96,3.69,3.44,3.65,4.15,3.95,3.78,3.95,4.72,5.90,4.57
35085020,CO,Rondon,Rondon,Boyaca,2120,-73.20,5.36,5.65,5.05,4.12,3.07,2.70,1.96,1.98,2.27,3.67,4.21,4.35,4.42,3.62
24015220,CP,Villa Carmen,Samaca,Boyaca,2600,-73.50,5.51,7.07,6.53,5.61,4.80,4.96,5.03,5.56,5.64,5.46,5.22,5.29,6.19,5.61
24035340,CP,Apto A Lleras C,Sogamoso,Boyaca,2500,-72.97,5.68,7.59,6.74,5.70,4.45,4.13,4.61,4.88,4.64,4.68,4.64,5.53,6.65,5.35
35075020,CP,Sutatenza,Sutatenza,Boyaca,1930,-73.45,5.02,6.50,5.83,4.28,3.74,3.47,2.93,3.06,3.41,4.35,4.62,5.08,6.00,4.44
24035040,CO,Copa La,Toca,Boyaca,2700,-73.21,5.58,6.90,6.65,5.08,4.11,3.89,4.40,4.67,4.61,4.39,4.39,5.05,6.14,5.02
24035130,CP,U P T C,Tunja,Boyaca,2690,-73.36,5.55,7.39,6.79,5.61,4.70,4.38,4.36,4.69,4.95,5.06,5.03,5.44,6.63,5.42
24015300,CP,Villa de Leiva,Villa de Leyva,Boyaca,2215,-73.54,5.66,6.31,5.82,4.92,4.04,4.35,4.70,5.14,5.15,4.67,4.30,4.49,5.43,4.94
26145020,CO,Bellavista,Anserma,Caldas,1932,-75.80,5.28,4.27,4.22,3.49,2.90,3.26,3.92,5.12,5.27,3.80,3.26,3.01,3.32,3.82
26155110,SP,Apto La Nubia,Manizales,Caldas,2058,-75.47,5.03,5.40,4.93,4.03,3.43,3.51,3.98,4.82,4.47,3.76,3.37,3.92,4.64,4.19
26185040,CO,San Felix,Salamina,Caldas,2696,-75.38,5.37,4.98,4.67,3.86,3.10,3.73,4.98,5.83,5.48,4.49,3.35,3.07,4.11,4.30
23055040,CO,Samana,Samana,Caldas,1475,-74.99,5.42,2.80,2.78,1.89,2.27,3.03,4.68,5.84,5.38,4.03,2.38,2.02,1.97,3.26
26175070,CO,Rafael Escobar,Supia,Caldas,1320,-75.65,5.47,5.89,5.80,5.67,4.64,4.87,5.72,6.63,6.27,5.37,4.50,4.82,5.84,5.50
26155150,CP,Brisas Las,Villamaria,Caldas,4150,-75.35,4.90,3.15,3.02,2.32,1.53,1.73,2.42,3.31,3.17,2.08,1.44,2.08,2.67,2.41
44045030,CO,Mono La,Belen de los Andaquies,Caqueta,300,-75.81,1.30,5.37,4.22,3.38,3.30,3.37,3.19,3.30,3.97,4.80,4.84,4.73,5.06,4.13
46035010,CO,Maguare,El Doncello,Caqueta,270,-75.16,1.64,6.02,4.69,3.28,3.16,3.36,3.06,3.30,4.16,4.87,4.81,5.03,5.93,4.30
44035020,CO,Apto G Artunduaga,Florencia,Caqueta,244,-75.56,1.59,5.68,4.35,3.50,3.47,3.44,3.23,3.33,4.12,4.82,4.79,4.94,5.61,4.27
44035030,AM,Macagual,Florencia,Caqueta,280,-75.66,1.50,5.49,4.38,3.33,3.34,3.50,3.25,3.52,4.29,4.84,4.77,4.91,5.51,4.26
46035020,CO,Pto Rico,Puerto Rico,Caqueta,285,-75.15,1.92,5.09,3.96,3.04,2.88,2.92,2.52,2.74,3.64,4.31,3.99,4.34,5.23,3.72
46015010,CP,S.Vcte Caguan,San Vicente del Caguan,Caqueta,300,-74.76,2.06,6.86,5.33,4.06,3.43,4.04,3.58,3.45,4.29,5.11,5.34,5.89,6.57,4.83
44135010,CP,Araracuara,Solano,Caqueta,150,-72.38,-0.62,5.04,5.01,4.17,4.15,3.99,4.09,4.62,5.27,5.27,5.32,5.27,5.32,4.79
44055010,SP,Tres Esquinas,Solano,Caqueta,219,-75.24,0.74,5.77,4.20,3.51,3.30,3.37,3.42,3.86,4.33,4.84,5.28,5.32,6.01,4.43
44045020,CO,Valparaiso,Valparaiso,Caqueta,270,-75.70,1.20,5.54,4.18,3.43,3.39,3.33,3.07,3.22,3.92,4.67,4.67,4.96,5.70,4.17
35195030,CO,Aguazul,Aguazul,Casanare,380,-72.55,5.18,7.40,6.49,4.75,4.22,4.52,3.89,4.42,4.94,5.78,5.68,5.99,6.85,5.41
35225020,CO,Modulos,Orocue,Casanare,130,-71.43,4.91,8.20,6.97,5.21,4.47,4.17,4.09,4.20,4.53,5.19,5.51,6.15,7.66,5.53
35095110,CP,Huerta La Grande,Villanueva,Casanare,255,-72.92,4.66,7.44,6.72,4.80,4.15,4.18,4.41,4.46,5.01,5.41,5.70,6.32,6.17,5.40
35215010,CP,Apto Yopal,Yopal,Casanare,325,-72.39,5.32,8.15,6.90,5.05,4.24,4.52,4.14,4.36,4.74,5.46,5.70,6.26,7.72,5.60
52025010,CO,Bolivar,Bolivar,Cauca,1510,-77.00,1.83,4.96,4.55,4.00,3.99,4.28,5.30,6.07,6.21,5.10,4.42,3.90,4.38,4.76
52025020,CO,Milagros Los,Bolivar,Cauca,2300,-76.89,1.75,4.40,4.04,3.56,3.67,4.30,5.04,5.55,5.56,4.65,4.19,4.05,4.15,4.43
26025090,CO,Venta De Cajibio,Cajibio,Cauca,1850,-76.56,2.58,4.30,4.13,3.70,3.41,3.83,4.68,5.55,5.54,4.47,3.63,3.48,3.36,4.17
53045030,CO,Apto Guapi,Guapi,Cauca,10,-77.89,2.57,2.81,3.17,3.48,3.89,2.88,2.40,2.82,3.07,2.63,2.64,2.20,2.37,2.86
53045010,CP,Bonanza,Guapi,Cauca,10,-77.88,2.57,2.49,2.77,3.20,3.18,2.94,2.59,2.92,2.89,2.30,2.28,2.31,2.56,2.70
57025010,CP,Gorgona,Guapi,Cauca,10,-78.17,2.96,2.95,3.78,4.19,3.85,2.76,2.10,2.67,2.61,1.99,2.43,2.28,2.41,2.83
52025050,CO,Sierra La,La Sierra,Cauca,1870,-76.75,2.19,4.27,3.91,3.50,3.35,3.61,4.46,5.25,5.48,4.39,3.72,3.30,3.68,4.08
52025030,CO,Mercaderes,Mercaderes,Cauca,1174,-77.16,1.76,5.54,5.05,4.66,4.56,4.70,5.36,6.27,6.31,5.64,5.25,4.85,4.90,5.26
26065010,CO,Ing Cauca,Miranda,Cauca,1000,-76.35,3.27,5.39,5.27,4.68,4.39,4.35,4.59,5.16,5.29,4.61,4.69,4.76,4.90,4.84
26065020,CO,Miranda,Miranda,Cauca,1128,-76.22,3.25,4.80,4.47,4.02,3.49,3.40,3.78,4.46,4.51,3.83,3.70,3.86,4.06,4.03
52015020,CO,Fonda La Citec,Patia,Cauca,635,-77.05,2.15,5.95,5.62,5.20,5.12,5.33,5.91,6.47,6.46,5.61,5.47,5.37,5.79,5.69
26035030,SP,Apto G L Valencia,Popayan,Cauca,1749,-76.61,2.45,5.04,4.57,3.92,3.56,3.78,4.80,5.64,5.45,4.51,3.69,3.89,4.44,4.44
26015020,CO,Paletara,Purace,Cauca,2900,-75.45,2.17,3.89,3.33,2.46,2.35,2.43,2.21,1.96,2.43,2.41,2.47,2.96,3.70,2.72
21055030,CO,Sta Leticia,Purace,Cauca,2085,-76.16,2.24,4.12,3.60,2.70,2.50,2.59,2.57,2.44,2.68,3.03,3.06,3.26,3.92,3.04
44015030,CP,Valencia,San Sebastian,Cauca,2900,-76.67,1.90,3.82,3.31,2.65,2.33,2.31,2.53,2.57,2.75,2.84,2.80,3.02,3.46,2.87
26025070,CO,Gabriel Lopez,Totoro,Cauca,3000,-76.29,2.51,2.43,1.99,1.88,1.53,1.46,1.14,1.35,1.70,1.83,1.55,1.55,1.72,1.68
23215030,CO,Aguas Claras,Aguachica,Cesar,208,-73.60,8.23,8.14,7.46,5.86,4.92,5.03,5.81,6.56,6.24,5.72,5.31,5.72,6.92,6.14
28025070,AM,Motilonia Codazzi,Agustin Codazzi,Cesar,180,-73.25,10.00,9.06,8.34,7.28,6.31,5.80,6.07,6.59,6.51,5.90,5.96,6.86,8.05,6.89
28025080,CP,Socomba,Becerril,Cesar,170,-73.24,9.69,9.05,8.52,7.24,6.37,6.26,6.85,7.07,6.84,6.01,5.93,6.84,8.22,7.10
25025250,CO,Chiriguana,Chiriguana,Cesar,40,-73.59,9.36,8.78,8.33,6.89,6.36,5.92,6.74,7.30,7.16,6.23,6.11,6.73,7.92,7.04
25025330,CP,Col Agro Pailitas,Pailitas,Cesar,50,-73.63,8.96,8.13,7.63,6.45,5.31,5.38,5.90,6.68,6.49,5.39,5.30,5.53,6.98,6.26
28035030,SP,Apto Alfonso Lopez,Valledupar,Cesar,138,-73.25,10.44,9.17,8.85,7.83,6.79,6.20,6.75,7.05,6.86,6.28,6.40,7.21,8.51,7.32
28035020,CO,Callao El,Valledupar,Cesar,110,-73.32,10.36,9.24,8.92,7.96,6.58,5.90,6.09,6.65,6.57,5.95,6.10,7.02,8.40,7.11
28035040,CO,Guaymaral,Valledupar,Cesar,50,-73.65,9.90,8.70,8.30,7.74,6.69,6.09,6.17,6.74,6.82,5.95,5.80,6.67,7.90,6.96
28035010,CO,Villa Rosa,Valledupar,Cesar,70,-73.55,10.19,9.01,8.59,7.74,6.46,5.98,6.09,6.68,6.64,6.09,5.90,6.79,8.07,7.00
56015010,CO,Panamericana,Bahia Solano,Choco,4,-77.40,6.22,2.53,3.12,2.79,2.29,1.99,1.92,2.46,2.27,1.75,1.90,1.64,1.62,2.19
11085010,AM,Loma La,Bojaya,Choco,20,-76.98,6.53,2.56,2.73,2.90,2.50,2.68,2.72,3.19,3.24,2.89,2.58,2.70,2.30,2.75
54025020,CP,Apto Condoto,Condoto,Choco,66,-76.65,5.10,2.63,2.46,2.40,2.50,3.26,3.29,3.57,3.41,2.87,2.86,3.02,2.57,2.90
54085010,CO,Noanama,Medio San Juan,Choco,40,-76.93,4.69,2.33,2.65,2.44,2.72,2.95,2.80,3.39,3.20,2.48,2.40,2.52,2.30,2.68
11045010,SP,Apto El Carano,Quibdo,Choco,53,-76.64,5.69,2.80,2.91,2.76,3.18,3.62,3.82,4.26,4.27,3.88,3.79,3.62,3.05,3.50
54025010,CO,San Jose Palmar,San Jose del Palmar,Choco,1115,-76.23,4.90,1.76,1.72,1.97,2.29,2.92,3.00,3.78,3.62,2.66,2.40,2.37,1.98,2.54
25025150,CO,Ayapel,Ayapel,Cordoba,22,-75.16,8.30,5.90,5.35,4.47,3.96,4.19,4.26,5.55,5.20,4.67,4.49,4.58,5.03,4.80
13075030,AM,Turipana,Cerete,Cordoba,20,-75.80,8.84,7.36,6.50,5.14,4.20,4.10,4.74,5.42,5.16,4.46,4.72,5.32,6.10,5.27
13085010,CP,Doctrina La,Lorica,Cordoba,20,-75.91,9.30,7.73,6.94,6.35,5.11,4.34,4.73,5.57,5.44,4.67,4.55,5.22,6.39,5.59
13075050,AM,Univ de Cordoba,Monteria,Cordoba,15,-75.86,8.79,7.63,7.20,6.20,5.28,4.75,5.34,6.29,5.97,5.03,5.33,6.00,6.23,5.94
25025190,CO,Planeta Rica,Planeta Rica,Cordoba,90,-75.58,8.40,6.34,6.12,4.96,4.27,4.24,4.93,5.52,5.57,4.64,4.81,5.14,5.74,5.19
21205660,CO,Mercedes Las,Anapoima,Cundinamarca,810,-74.53,4.58,5.93,5.19,4.31,4.22,4.32,4.60,5.05,5.00,4.67,4.69,4.88,5.43,4.86
21205670,CO,Florida La,Anolaima,Cundinamarca,1915,-74.44,4.77,3.75,3.20,2.58,2.22,2.35,2.72,3.06,3.51,3.45,2.60,2.25,3.28,2.91
35025060,CO,Bolsa La,Choachi,Cundinamarca,3195,-73.98,4.58,5.07,4.50,3.24,2.08,2.02,2.29,1.71,2.17,2.71,2.77,2.85,4.32,2.98
21205740,CO,Silos,Choconta,Cundinamarca,2709,-73.70,5.12,6.55,5.83,4.69,3.68,3.70,2.54,3.11,3.55,4.09,4.31,4.63,5.94,4.39
21205410,CP,Represa Del Neusa,Cogua,Cundinamarca,3100,-73.98,5.15,5.96,4.79,3.74,2.95,3.33,2.62,3.13,3.35,4.12,2.84,3.86,5.29,3.83
24015120,CP,Isla del Santuario,Fuquene,Cundinamarca,2580,-73.73,5.47,7.38,6.74,5.58,4.47,4.39,4.76,5.37,5.34,5.10,4.85,5.32,6.45,5.48
21195120,CP,Ita Valsalice,Fusagasuga,Cundinamarca,1460,-74.40,4.40,5.92,5.23,4.25,3.80,3.72,4.10,4.28,4.45,4.46,4.69,4.67,5.10,4.56
35065010,CO,Gacheta,Gacheta,Cundinamarca,1752,-73.65,4.83,5.95,5.13,3.77,2.91,2.90,2.58,2.84,2.99,3.64,3.80,4.17,4.76,3.79
21205770,CO,Base Aerea Madrid,Madrid,Cundinamarca,2550,-74.27,4.73,6.11,5.56,4.52,3.72,3.62,3.97,4.38,4.46,4.36,4.19,4.25,5.41,4.55
21205420,AM,Tibaitata,Mosquera,Cundinamarca,2543,-74.21,4.69,6.16,5.44,4.45,3.70,3.59,3.81,4.36,4.67,4.43,4.26,4.43,5.44,4.56
21205400,CP,Checua-Nemocon,Nemocon,Cundinamarca,2580,-73.87,5.12,6.30,5.12,5.07,4.09,4.06,3.34,4.55,4.00,4.70,4.41,4.54,5.37,4.63
21195060,CO,Pandi,Pandi,Cundinamarca,950,-74.49,4.19,6.15,5.53,4.56,4.14,4.31,4.63,4.93,4.70,4.30,4.63,5.17,5.85,4.91
35055010,CO,Japon El,Paratebueno,Cundinamarca,280,-73.30,4.38,5.64,4.96,3.63,3.29,3.55,3.14,3.49,4.06,4.95,4.97,4.76,5.24,4.31
21195070,CO,Pasca,Pasca,Cundinamarca,2256,-74.31,4.31,4.47,4.15,3.17,2.65,2.78,3.15,3.02,3.33,3.25,3.02,3.05,4.02,3.34
23035020,SP,Apto Palanquero,Puerto Salgar,Cundinamarca,172,-74.65,5.47,4.51,4.04,3.80,4.55,5.18,5.19,6.14,6.02,5.44,4.99,5.01,4.51,4.95
23125070,CO,San Cayetano,San Cayetano,Cundinamarca,2150,-74.07,5.30,5.26,4.59,3.65,3.06,3.41,4.37,4.76,4.58,4.13,3.89,4.07,5.24,4.25
23065100,CO,Sabaneta,San Francisco,Cundinamarca,2475,-74.31,4.90,4.41,4.21,3.36,3.23,3.56,4.09,4.48,4.61,4.13,3.57,3.48,3.84,3.91
21205720,CO,San Jorge Gja,Soacha,Cundinamarca,2900,-74.19,4.51,5.37,5.05,4.27,3.89,4.31,4.80,5.31,5.33,5.00,4.18,4.07,5.02,4.72
21205570,CP,Primavera La,Subachoque,Cundinamarca,2590,-74.22,4.85,5.96,5.00,4.10,3.51,3.96,4.01,4.70,4.01,3.98,3.53,4.73,5.75,4.44
21205650,CP,Tabio,Tabio,Cundinamarca,2620,-73.93,4.77,6.19,5.56,4.59,3.91,3.73,3.80,4.03,4.20,4.17,4.34,4.81,5.41,4.56
21205980,CO,Providencia Gja,Tenjo,Cundinamarca,2560,-74.20,4.79,5.16,4.50,3.07,2.49,2.37,2.63,2.81,2.99,2.93,3.19,3.68,3.47,3.27
23065110,CO,Yacopi,Yacopi,Cundinamarca,1347,-74.35,5.48,4.93,4.23,3.46,3.54,4.22,5.24,6.16,5.52,4.59,4.32,4.46,4.59,4.60
31095010,AM,Pto Inirida,Inirida,Guainia,100,-67.93,3.87,6.94,6.34,5.52,4.51,3.87,4.09,4.54,5.21,5.81,5.68,5.60,5.88,5.33
32105070,CO,San Jose Guaviare,San Jose del Guaviare,Guaviare,165,-72.65,2.55,6.12,5.52,4.46,4.03,3.34,3.16,3.66,4.30,5.17,4.97,4.98,5.28,4.58
31015010,CO,Trueno El,San Jose del Guaviare,Guaviare,150,-72.64,2.37,5.89,5.19,3.97,3.37,3.30,3.03,3.38,3.93,4.78,4.74,4.62,4.99,4.27
21105030,CO,Algeciras,Algeciras,Huila,1155,-75.32,2.52,5.03,4.05,3.63,3.60,3.76,3.47,3.83,4.01,3.88,3.83,3.92,4.52,3.96
21025020,CO,Altamira,Altamira,Huila,1352,-75.80,2.07,5.51,4.73,3.86,3.96,4.71,4.49,4.03,4.04,4.51,4.75,4.92,5.55,4.59
21025030,CO,Altamira El Grifo,Altamira,Huila,1368,-75.74,2.08,5.35,4.77,3.66,4.04,4.09,4.40,4.38,4.77,4.46,4.59,4.57,5.18,4.52
21105050,CP,Rosales Los,Campoalegre,Huila,553,-75.42,2.62,5.66,5.09,4.14,4.22,4.36,4.56,4.56,4.58,4.45,4.77,4.76,5.13,4.69
21145070,CO,Legiosa La,Colombia,Huila,1476,-74.70,3.31,5.33,4.69,3.39,3.07,3.01,2.42,2.84,3.62,4.56,4.41,4.18,4.85,3.86
21065040,CO,Zuluaga,Garzon,Huila,1270,-75.53,2.25,4.07,3.64,2.70,2.54,2.77,2.77,2.98,2.92,3.17,3.06,3.31,3.67,3.13
21065030,CO,Jorge Villamil,Gigante,Huila,1500,-75.55,2.37,3.59,2.93,2.77,2.76,3.04,2.93,2.85,3.25,3.33,2.93,3.06,3.61,3.09
21035020,CO,Resina,Guadalupe,Huila,2102,-75.68,1.91,3.71,3.49,2.94,2.93,3.09,3.46,3.27,3.60,3.76,3.27,2.89,3.43,3.32
21085020,CO,Iquira,Iquira,Huila,1095,-75.63,2.65,5.30,4.80,3.93,4.35,4.53,4.87,4.41,4.98,4.93,4.78,4.20,4.74,4.65
21055020,CP,Esc Agr La Plata,La Plata,Huila,1070,-75.89,2.38,4.95,4.47,3.74,3.73,3.95,3.93,3.89,4.14,4.24,4.29,4.26,4.80,4.20
21115020,SS,Apto Benito Salas,Neiva,Huila,439,-75.29,2.95,6.58,5.71,4.87,5.02,5.27,5.50,5.52,5.57,5.39,5.51,5.52,6.04,5.54
21115100,CO,Palacio-Vegalarga,Neiva,Huila,1100,-75.07,2.94,5.15,4.53,3.72,3.59,4.04,4.40,4.59,4.71,4.18,3.82,3.66,4.45,4.24
21095010,CO,Juncal El,Palermo,Huila,460,-75.33,2.83,6.39,5.56,4.56,4.70,5.20,5.46,5.51,5.46,5.10,5.25,5.51,6.11,5.40
21015020,CO,Sevilla,Pitalito,Huila,1320,-76.12,1.82,4.76,4.10,3.16,3.52,3.95,3.83,3.72,3.91,4.22,4.24,4.34,4.68,4.04
21015030,CP,Parque Arqueologic,San Agustin,Huila,1800,-76.29,1.89,5.15,4.49,3.57,3.68,3.95,3.61,3.53,3.79,4.35,4.53,4.71,5.05,4.20
21125010,CO,Sta Maria,Santa Maria,Huila,1300,-75.58,2.94,5.24,4.77,3.89,3.82,4.54,4.77,4.81,4.84,4.69,4.01,3.97,4.72,4.51
21145040,AM,San Alfonso,Villavieja,Huila,440,-75.11,3.37,5.11,4.82,4.14,4.60,4.98,4.96,5.34,5.44,5.14,4.78,4.46,4.28,4.84
15065050,CP,Camp Intercor,Albania,La Guajira,122,-72.53,11.13,8.36,7.86,7.47,5.78,6.11,6.75,7.95,7.75,7.30,6.08,7.48,7.30,7.18
15035020,CO,Termoguajira,Dibulla,La Guajira,5,-73.41,11.25,7.54,6.19,5.97,5.21,4.75,6.19,6.77,6.23,5.31,5.26,5.55,6.36,5.94
15065040,CO,Paulina La,Fonseca,La Guajira,170,-72.83,10.90,9.38,9.19,8.23,6.85,6.48,7.33,8.02,7.39,6.60,6.43,7.79,8.51,7.69
15065130,CP,Mina La,Hatonuevo,La Guajira,80,-72.62,11.14,8.53,7.90,7.13,6.49,6.01,7.34,7.82,7.41,6.39,6.31,6.65,7.88,7.16
15085030,CO,Esc Agr Carraipia,Maicao,La Guajira,118,-72.37,11.22,7.21,6.57,5.95,4.77,4.65,6.06,7.00,6.76,5.84,5.67,6.00,6.36,6.07
15075030,CP,Manaure,Manaure,La Guajira,1,-72.48,11.78,7.55,7.16,7.03,6.17,6.52,7.72,7.65,7.97,7.13,6.26,6.67,6.69,7.04
15065010,SP,Apto A.Padilla,Riohacha,La Guajira,4,-72.92,11.53,8.52,8.06,7.51,6.71,6.33,7.81,8.44,8.09,6.91,6.67,7.20,7.76,7.50
15045010,CO,Matitas,Riohacha,La Guajira,20,-73.03,11.26,7.58,6.94,5.82,4.91,5.33,6.89,7.54,7.16,6.05,5.90,6.54,7.08,6.48
15085020,CP,Nazareth,Uribia,La Guajira,85,-71.28,12.18,7.06,6.94,6.58,5.52,5.63,7.03,7.88,7.87,6.82,5.88,6.20,6.11,6.63
15075060,CP,Pto Bolivar,Uribia,La Guajira,10,-72.00,12.22,9.01,9.15,8.72,8.13,7.92,7.98,8.91,9.07,7.86,7.17,7.63,8.39,8.33
15085040,CO,Rancho Grande,Uribia,La Guajira,50,-71.82,11.69,8.93,8.63,8.33,7.14,7.13,7.86,8.55,8.55,7.52,6.94,7.27,8.01,7.90
28015070,CO,Urumita,Urumita,La Guajira,255,-73.01,10.56,8.58,8.20,7.27,5.79,5.55,5.85,6.67,6.29,5.43,5.66,6.45,7.37,6.59
15015020,CO,Ye La,Cienaga,Magdalena,20,-74.21,10.99,8.86,8.66,7.66,7.12,6.48,6.78,6.71,6.78,6.13,6.38,7.20,8.19,7.24
25025090,SP,Apto Las Flores,El Banco,Magdalena,34,-73.97,9.05,8.48,8.12,6.92,5.98,5.64,6.56,7.09,7.05,6.07,5.67,6.19,7.80,6.80
25025320,CP,Alamos Los,San Sebastian de Buenavista,Magdalena,25,-74.27,9.30,8.56,8.28,7.01,6.08,5.90,6.68,7.30,7.05,6.02,6.20,6.26,7.44,6.90
15015050,SP,Apto Simon Bolivar,Santa Marta,Magdalena,4,-74.23,11.13,9.19,8.84,8.06,7.56,7.15,7.55,7.46,7.09,6.71,6.64,7.34,8.69,7.69
15015100,CO,Parque Tayrona,Santa Marta,Magdalena,30,-73.91,11.29,6.56,6.01,5.82,4.92,4.87,5.34,6.09,6.10,5.76,5.04,5.57,5.34,5.62
15015060,CP,San Lorenzo,Santa Marta,Magdalena,2200,-74.03,11.08,3.15,2.97,2.91,2.63,2.54,2.81,3.38,3.12,2.43,1.82,1.74,2.48,2.66
29065020,CO,Padelma,Zona Bananera,Magdalena,20,-74.20,10.72,8.58,8.00,6.79,6.34,5.89,6.09,6.32,5.97,5.37,5.84,6.39,7.63,6.60
29065030,CO,Prado Sevilla,Zona Bananera,Magdalena,18,-74.15,10.76,8.15,8.26,6.93,6.51,5.95,6.04,6.37,6.24,5.60,5.81,6.37,6.74,6.58
35105050,CO,Guaicaramo,Barranca de Upia,Meta,190,-72.95,4.47,7.31,6.83,4.82,4.17,4.23,4.19,4.30,4.75,5.68,6.15,6.28,6.94,5.47
35045020,CO,Cabana La Hda,Cumaral,Meta,305,-73.36,4.30,5.70,5.05,3.59,3.49,3.47,3.26,3.34,4.01,4.81,4.80,5.05,5.62,4.35
32075040,CO,Holanda La,Granada,Meta,360,-73.72,3.52,6.35,5.41,3.90,3.62,4.22,4.09,4.12,4.46,5.06,5.16,5.49,6.25,4.84
32035020,CO,Balsora La,La Macarena,Meta,372,-73.93,2.44,6.22,4.98,3.18,2.63,2.59,2.32,2.63,3.08,3.45,3.82,4.26,4.69,3.65
32035010,CP,Macarena La,La Macarena,Meta,350,-73.79,2.18,7.18,5.74,4.51,3.59,3.73,3.28,3.71,4.36,4.88,5.14,5.44,6.40,4.83
32075050,CO,Mesetas,Mesetas,Meta,620,-74.04,3.38,5.81,4.97,3.53,3.46,3.67,3.62,3.61,4.01,4.71,4.65,4.88,5.64,4.38
32075080,CO,Pto Lleras,Puerto Lleras,Meta,245,-73.37,3.27,6.41,5.58,3.75,3.33,3.55,3.05,3.44,3.97,4.67,4.65,4.74,5.66,4.40
35125010,CO,Margaritas Las Hda,Puerto Lopez,Meta,150,-72.16,4.34,7.25,7.07,5.29,4.36,4.17,4.57,4.34,4.55,5.55,5.70,5.88,6.94,5.47
35015050,CO,Barbascal,San Martin,Meta,250,-73.35,3.63,6.73,6.05,4.29,4.06,4.29,4.14,4.30,4.71,5.24,5.46,5.98,6.07,5.11
35035020,SP,Apto Vanguardia,Villavicencio,Meta,423,-73.62,4.16,5.49,4.73,3.61,3.65,3.87,3.72,3.73,4.38,5.06,5.23,4.86,5.30,4.47
35025020,AM,Libertad La,Villavicencio,Meta,336,-73.47,4.06,6.59,5.65,3.97,3.79,4.42,3.60,4.19,4.82,5.04,5.25,5.81,6.58,4.98
35035070,CP,Unillanos,Villavicencio,Meta,340,-73.58,4.08,5.78,5.28,3.52,3.53,3.75,3.77,3.79,4.18,4.72,4.91,5.02,5.52,4.48
32075030,CO,Vista Hermosa,Vistahermosa,Meta,325,-73.75,3.12,6.42,5.37,3.72,3.49,3.78,3.41,3.77,4.30,4.60,4.92,5.29,6.17,4.60
52055010,SP,Apto San Luis,Aldana,Narino,2961,-77.68,0.86,4.26,3.76,3.25,3.73,4.08,4.31,4.45,4.52,4.32,4.19,4.11,4.19,4.10
51025050,CP,Altaquer,Barbacoas,Narino,1010,-78.09,1.25,1.68,1.94,2.01,2.37,2.33,2.33,2.81,2.65,2.01,1.79,1.70,1.47,2.09
52065020,CO,Barbacoas,Barbacoas,Narino,60,-78.14,1.67,3.03,3.19,3.34,3.87,3.42,3.07,3.26,2.86,2.13,2.34,2.37,2.63,2.96
52045020,SP,Apto Antonio Narin,Chachagui,Narino,1816,-77.29,1.39,5.40,4.96,4.48,4.75,5.23,6.14,6.69,6.69,5.74,5.24,5.12,5.18,5.47
52055030,CO,Bombona,Consaca,Narino,1493,-77.47,1.18,4.63,4.40,3.92,4.10,4.50,5.16,5.77,5.92,5.11,4.57,4.55,4.57,4.77
52055070,CO,Ospina Perez,Consaca,Narino,1700,-77.47,1.27,4.66,4.21,4.13,3.66,4.05,4.89,5.65,5.45,4.86,4.11,4.65,4.77,4.59
52055040,AM,Botana,Pasto,Narino,2820,-77.28,1.16,3.38,3.33,2.58,2.76,2.95,3.09,3.75,4.09,3.93,3.48,3.50,2.80,3.30
47015100,CP,Encano El,Pasto,Narino,2830,-77.16,1.16,3.18,2.74,2.05,2.02,1.99,2.06,2.11,2.19,2.39,2.85,3.12,3.26,2.50
52045010,AM,Obonuco,Pasto,Narino,2710,-77.30,1.20,3.60,3.14,2.66,2.81,3.00,3.41,3.60,3.57,3.34,3.34,3.46,3.50,3.29
47015080,CO,Monopamba,Puerres,Narino,1776,-77.30,0.80,2.75,2.09,1.57,1.67,1.73,1.31,1.32,1.52,1.96,2.60,3.18,2.91,2.05
51035020,CP,Cccp Dl Pacifico,San Andres de Tumaco,Narino,1,-78.73,1.82,3.68,4.51,5.12,5.12,3.98,3.75,4.17,4.56,3.45,3.48,3.35,3.38,4.05
51025010,AM,Mira El Gja,San Andres de Tumaco,Narino,16,-78.70,1.55,2.60,3.05,3.42,3.41,2.70,1.97,2.75,2.49,1.90,2.15,1.93,2.09,2.54
52045030,CO,San Bernardo,San Bernardo,Narino,2190,-77.03,1.54,3.99,3.59,3.14,3.41,3.78,4.58,5.18,5.34,4.53,3.89,3.38,3.63,4.03
52055090,CP,Sindagua,Tangua,Narino,2800,-77.39,1.11,3.91,3.62,3.13,3.33,3.68,4.13,5.06,5.12,4.50,4.05,3.77,3.75,4.00
52055020,CO,Paraiso El,Tuquerres,Narino,3120,-77.64,1.07,3.72,3.23,2.76,2.93,3.35,4.01,4.35,4.23,3.73,3.57,3.62,3.77,3.61
16055040,CP,Abrego Centro Admo,Abrego,Norte de Santander,1430,-73.22,8.09,7.02,6.21,5.54,4.53,4.66,5.49,6.07,5.64,4.78,4.67,5.24,6.08,5.49
23195180,CO,Esc Agr Cachira,Cachira,Norte de Santander,1882,-73.05,7.74,6.89,6.27,5.05,3.85,3.57,3.93,4.21,4.19,3.70,3.89,4.82,6.33,4.73
16015060,CO,Blonay,Chinacota,Norte de Santander,1235,-72.60,7.58,4.24,3.45,2.58,3.24,3.64,3.99,4.02,4.17,4.05,3.62,3.37,4.14,3.71
16055090,CP,Ins Agr Convencion,Convencion,Norte de Santander,1076,-73.34,8.47,5.46,4.85,4.13,3.83,4.84,6.11,6.91,6.72,5.45,5.24,5.02,4.43,5.25
16015010,SP,Apto Camilo Daza,Cucuta,Norte de Santander,250,-72.51,7.93,6.46,5.99,4.93,4.84,5.83,6.03,6.56,7.03,6.66,6.29,6.27,6.31,6.10
16025010,CP,Carmen de Tonchala,Cucuta,Norte de Santander,285,-72.57,7.85,4.67,4.46,3.60,3.50,4.55,4.84,5.56,6.10,5.79,5.08,4.62,4.28,4.75
16025040,CP,Cinera-Villa Olga,Cucuta,Norte de Santander,100,-72.47,8.17,5.09,4.71,3.61,3.55,5.35,5.83,6.42,6.85,6.06,5.73,5.16,4.23,5.22
16015040,CO,Sta Isabel,Cucuta,Norte de Santander,90,-72.43,8.23,4.99,4.88,4.21,4.27,5.49,5.91,6.62,6.88,6.48,5.77,5.16,4.31,5.41
16025020,CO,Risaralda,El Zulia,Norte de Santander,90,-72.53,8.23,4.98,4.77,4.66,4.07,5.39,5.38,6.46,6.44,6.21,5.33,4.83,4.43,5.25
16015090,CP,Tama Parque Nal,Herran,Norte de Santander,2500,-72.44,7.42,4.70,4.05,3.79,2.66,2.33,2.42,2.86,3.03,3.00,2.89,3.25,3.40,3.20
16055060,CO,Playa La,La Playa,Norte de Santander,1500,-73.24,8.22,5.96,5.63,4.77,4.13,4.49,5.77,6.63,6.24,4.84,4.61,4.63,5.15,5.24
16055010,CP,Apto Aguas Claras,Ocana,Norte de Santander,1435,-73.36,8.32,6.95,6.17,4.95,4.43,4.67,5.80,6.53,5.93,5.12,4.83,5.10,6.07,5.55
16055100,CO,Univ Fco P Santand,Ocana,Norte de Santander,1150,-73.32,8.24,5.81,5.32,4.04,3.56,4.10,4.97,5.80,5.30,4.22,4.25,3.97,4.73,4.67
16015020,AM,Iser Pamplona,Pamplona,Norte de Santander,2340,-72.65,7.37,5.20,4.64,3.78,3.26,3.50,3.71,4.11,4.50,4.46,3.98,4.05,4.62,4.15
16025060,CO,Francisco Romero,Salazar,Norte de Santander,1000,-72.80,7.77,3.56,3.06,2.75,2.85,3.90,4.45,5.11,5.05,4.84,3.78,3.55,3.67,3.88
16025030,CP,Salazar,Salazar,Norte de Santander,860,-72.83,7.77,4.84,4.06,3.27,3.23,4.17,4.85,5.31,5.94,5.54,5.03,4.63,4.50,4.62
37015010,CO,Silos,Silos,Norte de Santander,2765,-72.75,7.21,5.18,4.68,3.78,2.51,2.27,2.20,2.94,3.36,3.40,3.02,3.39,4.30,3.42
16035010,CO,Tibu,Tibu,Norte de Santander,50,-72.73,8.64,5.05,4.83,3.88,3.96,5.12,5.93,6.48,6.79,6.00,5.35,4.82,4.28,5.21
47015040,CO,Michoacan,Colon,Putumayo,2100,-76.88,1.18,3.21,2.68,2.00,1.98,1.72,1.17,1.23,1.67,2.08,2.82,3.26,3.20,2.25
44015040,CO,Mocoa Acueducto,Mocoa,Putumayo,650,-76.65,1.16,3.24,2.98,2.61,2.67,2.45,2.22,2.38,2.95,3.60,3.79,3.60,3.59,3.01
47045010,CO,Pto Leguizamo,Puerto Leguizamo,Putumayo,147,-74.78,0.18,5.29,4.29,3.42,3.21,3.27,3.25,3.54,4.25,4.71,4.79,4.91,4.99,4.16
44115020,AM,Tagua La,Puerto Leguizamo,Putumayo,153,-74.67,-0.06,5.05,4.20,3.22,3.04,2.87,2.87,3.16,4.07,4.45,4.64,4.86,5.21,3.97
47015090,CO,Primavera La,Sibundoy,Putumayo,2067,-76.93,1.17,3.33,2.73,2.21,2.10,2.09,1.78,1.84,2.07,2.45,2.94,3.42,3.58,2.54
47015070,CO,Pto Umbria,Villagarzon,Putumayo,358,-76.57,0.84,4.45,3.52,2.77,3.02,2.87,2.69,2.86,3.78,4.19,4.57,4.36,4.48,3.63
44015010,AM,Villagarzon,Villagarzon,Putumayo,440,-76.62,1.03,3.45,2.86,2.23,2.47,2.28,1.84,2.26,2.83,3.45,3.68,3.63,3.17,2.85
26125060,SP,Apto El Eden,Armenia,Quindio,1229,-75.77,4.45,5.46,5.22,4.52,4.22,4.13,4.55,5.74,6.11,4.96,4.43,4.49,4.82,4.89
26125070,CO,Bella La,Calarca,Quindio,1450,-75.67,4.52,4.20,4.09,4.25,3.34,3.50,4.21,4.74,4.76,4.01,3.21,3.58,4.21,4.01
26135040,SP,Apto Matecana,Pereira,Risaralda,1342,-75.73,4.82,6.05,5.67,4.98,4.36,4.46,4.94,5.86,5.89,5.03,4.62,4.98,5.38,5.19
26135100,CO,Bohemia La,Pereira,Risaralda,970,-75.88,4.88,6.44,5.90,5.46,4.65,4.78,5.01,5.89,5.97,5.35,4.89,5.21,5.79,5.44
26135070,CO,Cedral El,Pereira,Risaralda,2120,-75.53,4.78,3.14,2.94,2.37,2.17,2.10,2.72,3.75,3.38,2.64,1.97,2.15,2.56,2.66
26135110,CO,Veracruz,Pereira,Risaralda,1720,-75.63,4.87,4.49,4.33,3.60,3.08,3.19,3.70,4.43,4.12,3.55,3.41,3.67,3.97,3.80
54015010,CO,Pueblo Rico,Pueblo Rico,Risaralda,1530,-76.03,5.23,4.14,3.71,3.08,2.94,3.21,3.55,4.07,4.15,3.04,3.05,3.56,3.83,3.53
26135060,CO,Jazmin El,Santa Rosa de Cabal,Risaralda,1600,-75.63,4.92,5.07,4.81,4.40,3.70,3.61,4.18,5.24,4.83,4.22,3.47,3.60,4.26,4.28
26145030,CO,Camelia La,Santuario,Risaralda,1650,-75.97,5.08,4.98,4.86,4.19,3.67,3.77,4.19,5.57,5.56,4.57,3.51,3.61,4.08,4.38
17025020,SP,Apto El Embrujo,Providencia,San Andres Providencia y Sta C,1,-81.35,13.35,7.48,8.23,8.69,8.93,7.58,6.50,6.95,7.60,6.71,6.00,5.86,6.46,7.25
23125060,CO,Albania,Albania,Santander,1690,-73.91,5.76,4.60,3.97,3.19,2.75,3.22,3.35,4.31,4.37,4.16,3.50,3.65,4.25,3.77
23155030,SP,Apto Yariguies,Barrancabermeja,Santander,126,-73.81,7.03,7.17,6.34,4.98,4.89,5.35,5.86,6.78,6.62,6.07,5.42,5.58,6.11,5.93
23195040,CP,Univ Ind Santander,Bucaramanga,Santander,1018,-73.12,7.14,5.93,4.33,3.29,3.58,3.69,2.96,3.84,3.82,3.58,3.53,4.42,5.28,4.02
24035260,CO,Capitanejo,Capitanejo,Santander,1160,-72.69,6.52,7.88,7.50,6.88,6.23,6.23,6.22,6.84,6.83,6.28,6.12,6.51,7.53,6.75
24035270,CO,Tinaga Gja,Cerrito,Santander,2698,-72.71,6.84,6.77,5.73,5.58,4.44,4.21,3.86,4.85,4.62,4.57,4.29,4.98,6.14,5.01
24025050,CO,Charala,Charala,Santander,1350,-73.15,6.27,6.87,6.30,5.24,4.66,4.57,4.73,5.16,5.18,4.88,5.13,5.48,6.29,5.37
23125120,CO,Cimitarra,Cimitarra,Santander,300,-73.95,6.31,6.01,5.78,4.39,4.88,5.70,6.14,6.62,6.68,5.96,5.68,5.55,5.64,5.75
23195130,SP,Apto Palonegro,Lebrija,Santander,1189,-73.18,7.12,6.83,5.90,4.71,4.59,4.77,4.84,5.33,5.28,5.03,4.90,4.93,5.77,5.24
24025040,CP,Esc Agr Mogotes,Mogotes,Santander,1667,-72.97,6.47,6.93,6.37,5.51,4.77,4.80,5.06,5.78,5.76,5.28,4.98,5.39,6.34,5.58
24025020,CP,Cucharo El,Pinchote,Santander,975,-73.20,6.53,7.34,6.75,6.06,5.67,5.82,6.08,6.68,6.55,6.01,5.58,6.33,6.93,6.32
23125040,CO,Campo Capote,Puerto Parra,Santander,180,-73.92,6.62,5.98,5.54,4.44,4.62,5.26,5.74,6.61,6.08,5.69,5.07,5.18,5.56,5.48
23185010,CP,Villa Leiva,Sabana de Torres,Santander,328,-73.54,7.46,7.49,6.49,5.00,4.67,5.10,5.60,6.42,6.25,5.70,5.31,5.52,6.52,5.84
23195200,CO,Cachiri,Surata,Santander,1850,-72.99,7.47,6.84,6.28,5.55,4.43,4.30,4.83,5.41,4.99,4.37,3.96,4.69,5.95,5.13
23195090,CO,Vivero Surata,Surata,Santander,1725,-72.99,7.37,6.72,6.19,5.32,4.30,4.05,4.34,5.13,4.96,4.56,4.24,5.01,5.83,5.05
37015020,CP,Berlin Automatica,Tona,Santander,3214,-72.87,7.19,7.16,6.43,5.20,3.85,3.51,3.54,4.01,4.31,4.41,4.12,4.94,6.43,4.83
24015270,CO,Velez Granja,Velez,Santander,2170,-73.67,6.00,6.74,6.07,4.90,4.02,4.18,4.79,5.31,5.43,5.03,4.35,4.82,6.17,5.15
24055030,CO,Zapatoca,Zapatoca,Santander,1810,-73.28,6.79,6.53,5.98,5.36,4.47,4.57,3.92,5.56,5.90,5.43,4.75,4.78,5.68,5.24
13095020,CP,Primates,Coloso,Sucre,200,-75.35,9.53,5.77,6.28,5.99,4.65,3.86,4.28,4.89,4.46,4.42,4.08,4.21,4.78,4.81
25025080,SS,Apto Rafael Barvo,Corozal,Sucre,166,-75.28,9.33,7.59,7.17,5.99,4.84,4.60,5.59,6.09,5.74,4.47,4.77,5.12,6.63,5.72
25025240,CP,Majagual,Majagual,Sucre,20,-74.64,8.55,6.84,6.73,5.35,4.51,4.45,5.42,6.16,5.96,5.02,4.92,5.59,5.79,5.56
25025270,AM,Univ de Sucre,Sampues,Sucre,160,-75.40,9.21,7.33,6.80,5.68,4.79,4.39,5.46,5.97,5.52,4.69,4.56,4.91,6.15,5.52
25025180,CO,San Benito Abad,San Benito Abad,Sucre,20,-75.04,8.94,8.22,7.65,6.23,5.67,5.23,6.28,7.04,6.77,5.72,5.76,6.01,7.19,6.48
21255080,CP,Salto El,Ambalema,Tolima,450,-74.77,4.78,6.26,5.68,4.84,4.90,5.44,5.67,6.37,6.29,5.77,5.41,5.60,5.92,5.68
21255090,CP,Armero Gja,Armero,Tolima,300,-74.91,5.00,6.76,6.10,5.19,5.26,5.68,6.53,6.98,6.90,6.37,5.96,6.08,6.18,6.17
22055020,CO,Mesa de Pole,Ataco,Tolima,500,-75.54,3.46,4.64,4.32,3.96,3.80,4.10,4.59,4.50,4.51,4.30,3.91,4.08,4.42,4.26
21215100,CO,Cajamarca,Cajamarca,Tolima,1920,-75.42,4.44,5.16,4.94,4.39,3.83,3.95,4.10,4.40,4.31,4.31,4.19,4.28,4.82,4.39
22045010,CO,Demostracion Gja,Chaparral,Tolima,1040,-75.50,3.72,5.94,5.60,4.82,4.93,5.50,5.67,5.80,5.80,5.57,5.22,4.95,5.80,5.47
21155040,CO,Dolores Hda Madron,Dolores,Tolima,1456,-74.91,3.53,6.18,5.48,4.55,4.56,5.13,5.81,6.00,6.09,5.20,4.75,4.69,5.52,5.33
21185020,AM,Nataima,Espinal,Tolima,431,-74.96,4.19,6.22,5.70,5.18,5.07,5.51,5.77,6.31,6.51,6.01,5.67,5.57,5.82,5.78
21185040,CO,Apto Santiago Vila,Flandes,Tolima,286,-74.80,4.28,6.69,6.08,5.36,5.42,5.74,5.99,6.39,6.40,6.18,6.15,6.12,6.44,6.08
21185030,CP,Guamo,Guamo,Tolima,360,-74.98,4.01,6.35,5.69,4.61,4.74,5.08,5.42,5.87,5.94,5.39,5.48,5.50,5.61,5.47
23025020,CO,Esperanza La,Honda,Tolima,222,-74.73,5.26,6.52,5.88,4.85,4.94,5.67,6.03,6.72,6.57,6.00,5.59,5.78,6.13,5.89
21245040,SS,Apto Perales,Ibague,Tolima,928,-75.15,4.43,5.77,5.13,4.47,4.56,5.01,5.64,6.22,6.30,5.97,5.13,4.69,5.28,5.35
21215140,ME,Cementos Diamante,Ibague,Tolima,780,-75.08,4.33,6.55,5.70,5.03,5.01,5.58,5.76,6.47,6.32,5.72,5.43,5.76,6.06,5.78
21245010,CO,Perales Hato Opia,Ibague,Tolima,750,-75.09,4.42,5.90,5.19,4.59,4.45,5.15,5.69,6.28,6.35,5.83,5.11,4.83,5.48,5.40
21255150,CP,Garcia Hda,Lerida,Tolima,350,-74.89,4.86,6.79,6.35,5.45,5.55,5.93,6.57,7.17,7.06,6.69,6.17,6.37,6.50,6.39
21255140,CP,Quinta La,Lerida,Tolima,500,-74.92,4.82,6.69,6.16,5.20,5.45,5.53,6.29,6.89,7.08,6.60,6.11,6.10,6.45,6.21
21135030,CP,Anchique,Natagaima,Tolima,415,-75.11,3.57,7.39,6.63,5.77,5.77,6.32,6.43,6.81,6.81,6.48,6.28,6.35,6.75,6.48
22025010,CP,Apto Planadas,Planadas,Tolima,1355,-75.67,3.17,4.66,4.23,3.87,3.61,3.98,4.08,3.94,4.33,4.04,3.12,3.95,4.97,4.06
21165010,CO,Pst de Monta,Prado,Tolima,349,-74.92,3.79,6.54,5.83,4.82,4.62,4.80,5.43,5.79,5.93,5.44,5.75,5.69,6.00,5.55
21165030,CO,Lozania,Purificacion,Tolima,400,-74.77,3.90,6.23,5.51,4.48,3.96,4.51,4.92,5.37,5.24,4.81,4.88,5.30,5.93,5.09
22055030,CO,Sta Helena,Purificacion,Tolima,300,-74.90,3.99,4.09,3.77,3.31,3.26,3.95,5.61,5.90,6.18,5.29,3.59,3.50,3.89,4.36
21135020,CO,Jabalcon,Saldana,Tolima,425,-75.02,3.86,6.74,5.92,5.07,4.86,5.01,5.28,5.83,5.94,5.71,5.83,5.78,6.33,5.69
22065040,CO,San Antonio Quinta,San Antonio,Tolima,1500,-75.49,3.91,5.54,4.99,4.39,4.19,4.83,4.86,5.06,5.18,5.04,4.86,4.47,5.38,4.90
23025040,CO,Albania,San Sebastian de Mariquita,Tolima,500,-74.92,5.30,5.72,5.37,4.53,4.91,5.09,5.80,6.32,6.44,5.83,5.47,5.03,5.14,5.47
21255120,CO,Villahermosa,Villahermosa,Tolima,2029,-75.12,5.03,4.28,3.85,3.66,3.57,4.35,5.49,6.05,6.04,5.07,4.13,3.53,4.13,4.51
54035020,CO,Argelia El Recreo,Argelia,Valle del Cauca,1600,-76.12,4.73,4.04,3.92,3.68,3.72,3.71,4.22,5.22,5.18,4.23,3.39,3.52,3.56,4.03
53115010,SP,Apto Buenaventura,Buenaventura,Valle del Cauca,14,-76.99,3.82,2.80,3.10,3.09,3.51,3.18,3.34,3.72,3.96,3.08,3.23,2.94,2.76,3.23
54075020,CO,Bajo Calima,Buenaventura,Valle del Cauca,50,-76.99,3.95,2.90,2.76,2.45,2.71,2.61,2.49,2.76,2.73,2.26,2.27,2.54,2.75,2.60
53115020,CP,Colpuertos,Buenaventura,Valle del Cauca,10,-77.07,3.88,3.90,3.98,3.78,3.84,3.76,3.88,4.36,4.09,3.65,3.58,3.63,3.57,3.83
54075040,CO,Mision La,Buenaventura,Valle del Cauca,5,-77.28,4.22,2.48,2.83,2.74,2.78,2.64,2.53,2.73,2.76,2.20,2.26,2.12,2.24,2.53
26055070,CP,Univ del Valle,Cali,Valle del Cauca,985,-76.53,3.38,5.43,5.19,4.97,4.56,4.58,5.16,5.96,5.99,5.09,4.55,4.51,4.81,5.07
26095080,CO,Tenerife,El Cerrito,Valle del Cauca,2609,-76.07,3.73,4.98,4.44,3.93,3.17,3.37,4.06,4.50,4.48,3.97,3.46,3.27,4.09,3.98
26075080,AM,Cenicana,Florida,Valle del Cauca,1013,-76.30,3.36,5.80,5.38,5.12,4.62,4.41,5.07,5.52,5.71,5.04,5.10,4.71,5.26,5.14
26095230,AM,Vinculo El,Guadalajara de Buga,Valle del Cauca,979,-76.30,3.84,5.66,5.58,5.05,4.45,4.51,5.05,5.80,5.64,4.79,4.76,4.85,5.24,5.12
26115040,CP,Cent Admo La Union,La Union,Valle del Cauca,920,-76.06,4.53,4.91,4.83,4.94,4.29,4.43,4.64,5.88,5.91,4.92,4.39,4.39,4.48,4.83
26075040,SP,Apto A Bonilla,Palmira,Valle del Cauca,961,-76.39,3.53,5.82,5.57,5.18,4.73,4.60,5.01,5.85,6.08,5.34,5.05,5.07,5.28,5.30
26075010,AM,Palmira Ica,Palmira,Valle del Cauca,1050,-76.32,3.51,5.38,5.27,4.65,4.40,4.32,4.73,5.59,5.55,4.88,4.67,4.77,5.20,4.95
26095180,CO,San Emigdio,Palmira,Valle del Cauca,1272,-76.20,3.55,4.46,4.26,3.89,3.41,3.26,3.51,4.09,4.32,3.65,3.60,3.30,3.82,3.80
53115030,CO,Julio Fernandez,Restrepo,Valle del Cauca,1360,-76.52,3.82,5.00,4.89,4.88,4.17,4.14,4.51,5.15,5.16,4.45,3.82,3.94,4.95,4.59
26125130,CO,Cumbarco,Sevilla,Valle del Cauca,1692,-75.83,4.19,4.18,3.91,3.31,2.82,2.98,3.74,4.57,4.54,3.51,2.82,3.01,3.31,3.56
26085130,CO,Buitrera La,Yumbo,Valle del Cauca,1500,-76.57,3.58,3.47,3.52,3.16,2.76,2.58,2.88,4.13,4.57,3.72,2.98,2.62,2.69,3.26
26105110,CO,Ing Riopaila,Zarzal,Valle del Cauca,941,-76.08,4.32,5.68,5.94,5.22,4.80,4.98,5.29,5.88,6.19,5.70,4.99,4.90,4.90,5.37
33055010,CO,Cumaribo,Cumaribo,Vichada,125,-69.80,4.49,7.57,7.17,5.61,4.51,3.90,3.62,4.00,4.32,5.11,5.46,6.22,7.08,5.38
34015010,SP,Gaviotas Las,Cumaribo,Vichada,171,-70.93,4.55,8.18,7.16,5.44,4.44,3.84,3.67,3.87,4.22,4.98,5.35,5.74,7.03,5.33
34035020,CO,Tapon El,Cumaribo,Vichada,315,-69.15,5.11,7.98,7.37,6.33,4.70,3.74,3.75,3.89,4.23,4.89,5.14,6.08,7.10,5.43
34035010,CO,Tuparro Bocas Tomo,Cumaribo,Vichada,250,-67.86,5.35,8.31,7.94,6.70,5.18,4.47,3.88,4.44,4.97,5.32,6.00,6.59,7.90,5.98
38015030,CP,Apto Pto Carreno,Puerto Carreno,Vichada,50,-67.49,6.18,8.45,8.16,7.22,5.73,4.62,4.16,4.49,4.81,5.44,6.33,6.94,7.67,6.17
